Workbook

Sheet 微程序地址入口表
A1: 机器指令译码信号 | J1: 微程序入口地址
A2: LW | B2: SW | C2: BEQ | D2: SLT | E2: ADDI | F2: ERET | I2: ADD | J2: 入口地址 10进制 | K2: S4 | L2: S3 | M2: S2 | N2: S1 | O2: S0
A3: 1 | J3: 4 | K3: =IF(ISNUMBER($J3),IF(MOD($J3,32)/16>=1,1,0),"") -> 0 | L3: =IF(ISNUMBER($J3),IF(MOD($J3,16)/8>=1,1,0),"") -> 0 | M3: =IF(ISNUMBER($J3),IF(MOD($J3,8)/4>=1,1,0),"") -> 1 | N3: =IF(ISNUMBER($J3),IF(MOD($J3,4)/2>=1,1,0),"") -> 0 | O3: =IF(ISNUMBER($J3),MOD($J3,2),"") -> 0
B4: 1 | J4: 9 | K4: =IF(ISNUMBER($J4),IF(MOD($J4,32)/16>=1,1,0),"") -> 0 | L4: =IF(ISNUMBER($J4),IF(MOD($J4,16)/8>=1,1,0),"") -> 1 | M4: =IF(ISNUMBER($J4),IF(MOD($J4,8)/4>=1,1,0),"") -> 0 | N4: =IF(ISNUMBER($J4),IF(MOD($J4,4)/2>=1,1,0),"") -> 0 | O4: =IF(ISNUMBER($J4),MOD($J4,2),"") -> 1
C5: 1 | J5: 14 | K5: =IF(ISNUMBER($J5),IF(MOD($J5,32)/16>=1,1,0),"") -> 0 | L5: =IF(ISNUMBER($J5),IF(MOD($J5,16)/8>=1,1,0),"") -> 1 | M5: =IF(ISNUMBER($J5),IF(MOD($J5,8)/4>=1,1,0),"") -> 1 | N5: =IF(ISNUMBER($J5),IF(MOD($J5,4)/2>=1,1,0),"") -> 1 | O5: =IF(ISNUMBER($J5),MOD($J5,2),"") -> 0
D6: 1 | J6: 19 | K6: =IF(ISNUMBER($J6),IF(MOD($J6,32)/16>=1,1,0),"") -> 1 | L6: =IF(ISNUMBER($J6),IF(MOD($J6,16)/8>=1,1,0),"") -> 0 | M6: =IF(ISNUMBER($J6),IF(MOD($J6,8)/4>=1,1,0),"") -> 0 | N6: =IF(ISNUMBER($J6),IF(MOD($J6,4)/2>=1,1,0),"") -> 1 | O6: =IF(ISNUMBER($J6),MOD($J6,2),"") -> 1
E7: 1 | J7: 22 | K7: =IF(ISNUMBER($J7),IF(MOD($J7,32)/16>=1,1,0),"") -> 1 | L7: =IF(ISNUMBER($J7),IF(MOD($J7,16)/8>=1,1,0),"") -> 0 | M7: =IF(ISNUMBER($J7),IF(MOD($J7,8)/4>=1,1,0),"") -> 1 | N7: =IF(ISNUMBER($J7),IF(MOD($J7,4)/2>=1,1,0),"") -> 1 | O7: =IF(ISNUMBER($J7),MOD($J7,2),"") -> 0
I8: 1 | J8: 25 | K8: =IF(ISNUMBER($J8),IF(MOD($J8,32)/16>=1,1,0),"") -> 1 | L8: =IF(ISNUMBER($J8),IF(MOD($J8,16)/8>=1,1,0),"") -> 1 | M8: =IF(ISNUMBER($J8),IF(MOD($J8,8)/4>=1,1,0),"") -> 0 | N8: =IF(ISNUMBER($J8),IF(MOD($J8,4)/2>=1,1,0),"") -> 0 | O8: =IF(ISNUMBER($J8),MOD($J8,2),"") -> 1
K9: =IF(ISNUMBER($J9),IF(MOD($J9,32)/16>=1,1,0),"") | L9: =IF(ISNUMBER($J9),IF(MOD($J9,16)/8>=1,1,0),"") | M9: =IF(ISNUMBER($J9),IF(MOD($J9,8)/4>=1,1,0),"") | N9: =IF(ISNUMBER($J9),IF(MOD($J9,4)/2>=1,1,0),"") | O9: =IF(ISNUMBER($J9),MOD($J9,2),"")
K10: =IF(ISNUMBER($J10),IF(MOD($J10,32)/16>=1,1,0),"") | L10: =IF(ISNUMBER($J10),IF(MOD($J10,16)/8>=1,1,0),"") | M10: =IF(ISNUMBER($J10),IF(MOD($J10,8)/4>=1,1,0),"") | N10: =IF(ISNUMBER($J10),IF(MOD($J10,4)/2>=1,1,0),"") | O10: =IF(ISNUMBER($J10),MOD($J10,2),"")
K11: =IF(ISNUMBER($J11),IF(MOD($J11,32)/16>=1,1,0),"") | L11: =IF(ISNUMBER($J11),IF(MOD($J11,16)/8>=1,1,0),"") | M11: =IF(ISNUMBER($J11),IF(MOD($J11,8)/4>=1,1,0),"") | N11: =IF(ISNUMBER($J11),IF(MOD($J11,4)/2>=1,1,0),"") | O11: =IF(ISNUMBER($J11),MOD($J11,2),"")
K12: =IF(ISNUMBER($J12),IF(MOD($J12,32)/16>=1,1,0),"") | L12: =IF(ISNUMBER($J12),IF(MOD($J12,16)/8>=1,1,0),"") | M12: =IF(ISNUMBER($J12),IF(MOD($J12,8)/4>=1,1,0),"") | N12: =IF(ISNUMBER($J12),IF(MOD($J12,4)/2>=1,1,0),"") | O12: =IF(ISNUMBER($J12),MOD($J12,2),"")
K13: =IF(ISNUMBER($J13),IF(MOD($J13,32)/16>=1,1,0),"") | L13: =IF(ISNUMBER($J13),IF(MOD($J13,16)/8>=1,1,0),"") | M13: =IF(ISNUMBER($J13),IF(MOD($J13,8)/4>=1,1,0),"") | N13: =IF(ISNUMBER($J13),IF(MOD($J13,4)/2>=1,1,0),"") | O13: =IF(ISNUMBER($J13),MOD($J13,2),"")
K14: =IF(ISNUMBER($J14),IF(MOD($J14,32)/16>=1,1,0),"") | L14: =IF(ISNUMBER($J14),IF(MOD($J14,16)/8>=1,1,0),"") | M14: =IF(ISNUMBER($J14),IF(MOD($J14,8)/4>=1,1,0),"") | N14: =IF(ISNUMBER($J14),IF(MOD($J14,4)/2>=1,1,0),"") | O14: =IF(ISNUMBER($J14),MOD($J14,2),"")
K15: =IF(ISNUMBER($J15),IF(MOD($J15,32)/16>=1,1,0),"") | L15: =IF(ISNUMBER($J15),IF(MOD($J15,16)/8>=1,1,0),"") | M15: =IF(ISNUMBER($J15),IF(MOD($J15,8)/4>=1,1,0),"") | N15: =IF(ISNUMBER($J15),IF(MOD($J15,4)/2>=1,1,0),"") | O15: =IF(ISNUMBER($J15),MOD($J15,2),"")
K16: =IF(ISNUMBER($J16),IF(MOD($J16,32)/16>=1,1,0),"") | L16: =IF(ISNUMBER($J16),IF(MOD($J16,16)/8>=1,1,0),"") | M16: =IF(ISNUMBER($J16),IF(MOD($J16,8)/4>=1,1,0),"") | N16: =IF(ISNUMBER($J16),IF(MOD($J16,4)/2>=1,1,0),"") | O16: =IF(ISNUMBER($J16),MOD($J16,2),"")
K17: =IF(ISNUMBER($J17),IF(MOD($J17,32)/16>=1,1,0),"") | L17: =IF(ISNUMBER($J17),IF(MOD($J17,16)/8>=1,1,0),"") | M17: =IF(ISNUMBER($J17),IF(MOD($J17,8)/4>=1,1,0),"") | N17: =IF(ISNUMBER($J17),IF(MOD($J17,4)/2>=1,1,0),"") | O17: =IF(ISNUMBER($J17),MOD($J17,2),"")
K18: =IF(ISNUMBER($J18),IF(MOD($J18,32)/16>=1,1,0),"") | L18: =IF(ISNUMBER($J18),IF(MOD($J18,16)/8>=1,1,0),"") | M18: =IF(ISNUMBER($J18),IF(MOD($J18,8)/4>=1,1,0),"") | N18: =IF(ISNUMBER($J18),IF(MOD($J18,4)/2>=1,1,0),"") | O18: =IF(ISNUMBER($J18),MOD($J18,2),"")
K19: =IF(ISNUMBER($J19),IF(MOD($J19,32)/16>=1,1,0),"") | L19: =IF(ISNUMBER($J19),IF(MOD($J19,16)/8>=1,1,0),"") | M19: =IF(ISNUMBER($J19),IF(MOD($J19,8)/4>=1,1,0),"") | N19: =IF(ISNUMBER($J19),IF(MOD($J19,4)/2>=1,1,0),"") | O19: =IF(ISNUMBER($J19),MOD($J19,2),"")
K20: =IF(ISNUMBER($J20),IF(MOD($J20,32)/16>=1,1,0),"") | L20: =IF(ISNUMBER($J20),IF(MOD($J20,16)/8>=1,1,0),"") | M20: =IF(ISNUMBER($J20),IF(MOD($J20,8)/4>=1,1,0),"") | N20: =IF(ISNUMBER($J20),IF(MOD($J20,4)/2>=1,1,0),"") | O20: =IF(ISNUMBER($J20),MOD($J20,2),"")
... K31: =IF(ISNUMBER($J31),IF(MOD($J31,32)/16>=1,1,0),"") | L31: =IF(ISNUMBER($J31),IF(MOD($J31,16)/8>=1,1,0),"") | M31: =IF(ISNUMBER($J31),IF(MOD($J31,8)/4>=1,1,0),"") | N31: =IF(ISNUMBER($J31),IF(MOD($J31,4)/2>=1,1,0),"") | O31: =IF(ISNUMBER($J31),MOD($J31,2),"")

Sheet 微程序入口查找逻辑自动生成
A1: =微程序地址入口表!A2 -> LW | B1: =微程序地址入口表!B2 -> SW | C1: =微程序地址入口表!C2 -> BEQ | D1: =微程序地址入口表!D2 -> SLT | E1: =微程序地址入口表!E2 -> ADDI | F1: =微程序地址入口表!F2 -> ERET | G1: =微程序地址入口表!G2 -> 0 | H1: =微程序地址入口表!H2 -> 0 | I1: ADD | J1: 最小项表达式 | K1: =微程序地址入口表!K2 -> S4 | L1: =微程序地址入口表!L2 -> S3 | M1: =微程序地址入口表!M2 -> S2 | N1: =微程序地址入口表!N2 -> S1 | O1: =微程序地址入口表!O2 -> S0
A2: =IF(微程序地址入口表!A3<>"",IF(微程序地址入口表!A3=1,微程序地址入口表!A$2&"&",IF(微程序地址入口表!A3=0,"~"&微程序地址入口表!A$2&"&","")),"") -> LW& | B2: =IF(微程序地址入口表!B3<>"",IF(微程序地址入口表!B3=1,微程序地址入口表!B$2&"&",IF(微程序地址入口表!B3=0,"~"&微程序地址入口表!B$2&"&","")),"") | C2: =IF(微程序地址入口表!C3<>"",IF(微程序地址入口表!C3=1,微程序地址入口表!C$2&"&",IF(微程序地址入口表!C3=0,"~"&微程序地址入口表!C$2&"&","")),"") | D2: =IF(微程序地址入口表!D3<>"",IF(微程序地址入口表!D3=1,微程序地址入口表!D$2&"&",IF(微程序地址入口表!D3=0,"~"&微程序地址入口表!D$2&"&","")),"") | E2: =IF(微程序地址入口表!E3<>"",IF(微程序地址入口表!E3=1,微程序地址入口表!E$2&"&",IF(微程序地址入口表!E3=0,"~"&微程序地址入口表!E$2&"&","")),"") | F2: =IF(微程序地址入口表!F3<>"",IF(微程序地址入口表!F3=1,微程序地址入口表!F$2&"&",IF(微程序地址入口表!F3=0,"~"&微程序地址入口表!F$2&"&","")),"") | G2: =IF(微程序地址入口表!G3<>"",IF(微程序地址入口表!G3=1,微程序地址入口表!G$2&"&",IF(微程序地址入口表!G3=0,"~"&微程序地址入口表!G$2&"&","")),"") | H2: =IF(微程序地址入口表!H3<>"",IF(微程序地址入口表!H3=1,微程序地址入口表!H$2&"&",IF(微程序地址入口表!H3=0,"~"&微程序地址入口表!H$2&"&","")),"") | J2: =IF(LEN(CONCATENATE(A2,B2,C2,D2,E2,F2,G2,H2))=0,"",LEFT(CONCATENATE(A2,B2,C2,D2,E2,F2,G2,H2),LEN(CONCATENATE(A2,B2,C2,D2,E2,F2,G2,H2))-1)) -> LW | K2: =IF(微程序地址入口表!K3=1,$J2&"+","") | L2: =IF(微程序地址入口表!L3=1,$J2&"+","") | M2: =IF(微程序地址入口表!M3=1,$J2&"+","") -> LW+ | N2: =IF(微程序地址入口表!N3=1,$J2&"+","") | O2: =IF(微程序地址入口表!O3=1,$J2&"+","")
A3: =IF(微程序地址入口表!A4<>"",IF(微程序地址入口表!A4=1,微程序地址入口表!A$2&"&",IF(微程序地址入口表!A4=0,"~"&微程序地址入口表!A$2&"&","")),"") | B3: =IF(微程序地址入口表!B4<>"",IF(微程序地址入口表!B4=1,微程序地址入口表!B$2&"&",IF(微程序地址入口表!B4=0,"~"&微程序地址入口表!B$2&"&","")),"") -> SW& | C3: =IF(微程序地址入口表!C4<>"",IF(微程序地址入口表!C4=1,微程序地址入口表!C$2&"&",IF(微程序地址入口表!C4=0,"~"&微程序地址入口表!C$2&"&","")),"") | D3: =IF(微程序地址入口表!D4<>"",IF(微程序地址入口表!D4=1,微程序地址入口表!D$2&"&",IF(微程序地址入口表!D4=0,"~"&微程序地址入口表!D$2&"&","")),"") | E3: =IF(微程序地址入口表!E4<>"",IF(微程序地址入口表!E4=1,微程序地址入口表!E$2&"&",IF(微程序地址入口表!E4=0,"~"&微程序地址入口表!E$2&"&","")),"") | F3: =IF(微程序地址入口表!F4<>"",IF(微程序地址入口表!F4=1,微程序地址入口表!F$2&"&",IF(微程序地址入口表!F4=0,"~"&微程序地址入口表!F$2&"&","")),"") | G3: =IF(微程序地址入口表!G4<>"",IF(微程序地址入口表!G4=1,微程序地址入口表!G$2&"&",IF(微程序地址入口表!G4=0,"~"&微程序地址入口表!G$2&"&","")),"") | H3: =IF(微程序地址入口表!H4<>"",IF(微程序地址入口表!H4=1,微程序地址入口表!H$2&"&",IF(微程序地址入口表!H4=0,"~"&微程序地址入口表!H$2&"&","")),"") | J3: =IF(LEN(CONCATENATE(A3,B3,C3,D3,E3,F3,G3,H3))=0,"",LEFT(CONCATENATE(A3,B3,C3,D3,E3,F3,G3,H3),LEN(CONCATENATE(A3,B3,C3,D3,E3,F3,G3,H3))-1)) -> SW | K3: =IF(微程序地址入口表!K4=1,$J3&"+","") | L3: =IF(微程序地址入口表!L4=1,$J3&"+","") -> SW+ | M3: =IF(微程序地址入口表!M4=1,$J3&"+","") | N3: =IF(微程序地址入口表!N4=1,$J3&"+","") | O3: =IF(微程序地址入口表!O4=1,$J3&"+","") -> SW+
A4: =IF(微程序地址入口表!A5<>"",IF(微程序地址入口表!A5=1,微程序地址入口表!A$2&"&",IF(微程序地址入口表!A5=0,"~"&微程序地址入口表!A$2&"&","")),"") | B4: =IF(微程序地址入口表!B5<>"",IF(微程序地址入口表!B5=1,微程序地址入口表!B$2&"&",IF(微程序地址入口表!B5=0,"~"&微程序地址入口表!B$2&"&","")),"") | C4: =IF(微程序地址入口表!C5<>"",IF(微程序地址入口表!C5=1,微程序地址入口表!C$2&"&",IF(微程序地址入口表!C5=0,"~"&微程序地址入口表!C$2&"&","")),"") -> BEQ& | D4: =IF(微程序地址入口表!D5<>"",IF(微程序地址入口表!D5=1,微程序地址入口表!D$2&"&",IF(微程序地址入口表!D5=0,"~"&微程序地址入口表!D$2&"&","")),"") | E4: =IF(微程序地址入口表!E5<>"",IF(微程序地址入口表!E5=1,微程序地址入口表!E$2&"&",IF(微程序地址入口表!E5=0,"~"&微程序地址入口表!E$2&"&","")),"") | F4: =IF(微程序地址入口表!F5<>"",IF(微程序地址入口表!F5=1,微程序地址入口表!F$2&"&",IF(微程序地址入口表!F5=0,"~"&微程序地址入口表!F$2&"&","")),"") | G4: =IF(微程序地址入口表!G5<>"",IF(微程序地址入口表!G5=1,微程序地址入口表!G$2&"&",IF(微程序地址入口表!G5=0,"~"&微程序地址入口表!G$2&"&","")),"") | H4: =IF(微程序地址入口表!H5<>"",IF(微程序地址入口表!H5=1,微程序地址入口表!H$2&"&",IF(微程序地址入口表!H5=0,"~"&微程序地址入口表!H$2&"&","")),"") | J4: =IF(LEN(CONCATENATE(A4,B4,C4,D4,E4,F4,G4,H4))=0,"",LEFT(CONCATENATE(A4,B4,C4,D4,E4,F4,G4,H4),LEN(CONCATENATE(A4,B4,C4,D4,E4,F4,G4,H4))-1)) -> BEQ | K4: =IF(微程序地址入口表!K5=1,$J4&"+","") | L4: =IF(微程序地址入口表!L5=1,$J4&"+","") -> BEQ+ | M4: =IF(微程序地址入口表!M5=1,$J4&"+","") -> BEQ+ | N4: =IF(微程序地址入口表!N5=1,$J4&"+","") -> BEQ+ | O4: =IF(微程序地址入口表!O5=1,$J4&"+","")
A5: =IF(微程序地址入口表!A6<>"",IF(微程序地址入口表!A6=1,微程序地址入口表!A$2&"&",IF(微程序地址入口表!A6=0,"~"&微程序地址入口表!A$2&"&","")),"") | B5: =IF(微程序地址入口表!B6<>"",IF(微程序地址入口表!B6=1,微程序地址入口表!B$2&"&",IF(微程序地址入口表!B6=0,"~"&微程序地址入口表!B$2&"&","")),"") | C5: =IF(微程序地址入口表!C6<>"",IF(微程序地址入口表!C6=1,微程序地址入口表!C$2&"&",IF(微程序地址入口表!C6=0,"~"&微程序地址入口表!C$2&"&","")),"") | D5: =IF(微程序地址入口表!D6<>"",IF(微程序地址入口表!D6=1,微程序地址入口表!D$2&"&",IF(微程序地址入口表!D6=0,"~"&微程序地址入口表!D$2&"&","")),"") -> SLT& | E5: =IF(微程序地址入口表!E6<>"",IF(微程序地址入口表!E6=1,微程序地址入口表!E$2&"&",IF(微程序地址入口表!E6=0,"~"&微程序地址入口表!E$2&"&","")),"") | F5: =IF(微程序地址入口表!F6<>"",IF(微程序地址入口表!F6=1,微程序地址入口表!F$2&"&",IF(微程序地址入口表!F6=0,"~"&微程序地址入口表!F$2&"&","")),"") | G5: =IF(微程序地址入口表!G6<>"",IF(微程序地址入口表!G6=1,微程序地址入口表!G$2&"&",IF(微程序地址入口表!G6=0,"~"&微程序地址入口表!G$2&"&","")),"") | H5: =IF(微程序地址入口表!H6<>"",IF(微程序地址入口表!H6=1,微程序地址入口表!H$2&"&",IF(微程序地址入口表!H6=0,"~"&微程序地址入口表!H$2&"&","")),"") | J5: =IF(LEN(CONCATENATE(A5,B5,C5,D5,E5,F5,G5,H5))=0,"",LEFT(CONCATENATE(A5,B5,C5,D5,E5,F5,G5,H5),LEN(CONCATENATE(A5,B5,C5,D5,E5,F5,G5,H5))-1)) -> SLT | K5: =IF(微程序地址入口表!K6=1,$J5&"+","") -> SLT+ | L5: =IF(微程序地址入口表!L6=1,$J5&"+","") | M5: =IF(微程序地址入口表!M6=1,$J5&"+","") | N5: =IF(微程序地址入口表!N6=1,$J5&"+","") -> SLT+ | O5: =IF(微程序地址入口表!O6=1,$J5&"+","") -> SLT+
A6: =IF(微程序地址入口表!A7<>"",IF(微程序地址入口表!A7=1,微程序地址入口表!A$2&"&",IF(微程序地址入口表!A7=0,"~"&微程序地址入口表!A$2&"&","")),"") | B6: =IF(微程序地址入口表!B7<>"",IF(微程序地址入口表!B7=1,微程序地址入口表!B$2&"&",IF(微程序地址入口表!B7=0,"~"&微程序地址入口表!B$2&"&","")),"") | C6: =IF(微程序地址入口表!C7<>"",IF(微程序地址入口表!C7=1,微程序地址入口表!C$2&"&",IF(微程序地址入口表!C7=0,"~"&微程序地址入口表!C$2&"&","")),"") | D6: =IF(微程序地址入口表!D7<>"",IF(微程序地址入口表!D7=1,微程序地址入口表!D$2&"&",IF(微程序地址入口表!D7=0,"~"&微程序地址入口表!D$2&"&","")),"") | E6: =IF(微程序地址入口表!E7<>"",IF(微程序地址入口表!E7=1,微程序地址入口表!E$2&"&",IF(微程序地址入口表!E7=0,"~"&微程序地址入口表!E$2&"&","")),"") -> ADDI& | F6: =IF(微程序地址入口表!F7<>"",IF(微程序地址入口表!F7=1,微程序地址入口表!F$2&"&",IF(微程序地址入口表!F7=0,"~"&微程序地址入口表!F$2&"&","")),"") | G6: =IF(微程序地址入口表!G7<>"",IF(微程序地址入口表!G7=1,微程序地址入口表!G$2&"&",IF(微程序地址入口表!G7=0,"~"&微程序地址入口表!G$2&"&","")),"") | H6: =IF(微程序地址入口表!H7<>"",IF(微程序地址入口表!H7=1,微程序地址入口表!H$2&"&",IF(微程序地址入口表!H7=0,"~"&微程序地址入口表!H$2&"&","")),"") | J6: =IF(LEN(CONCATENATE(A6,B6,C6,D6,E6,F6,G6,H6))=0,"",LEFT(CONCATENATE(A6,B6,C6,D6,E6,F6,G6,H6),LEN(CONCATENATE(A6,B6,C6,D6,E6,F6,G6,H6))-1)) -> ADDI | K6: =IF(微程序地址入口表!K7=1,$J6&"+","") -> ADDI+ | L6: =IF(微程序地址入口表!L7=1,$J6&"+","") | M6: =IF(微程序地址入口表!M7=1,$J6&"+","") -> ADDI+ | N6: =IF(微程序地址入口表!N7=1,$J6&"+","") -> ADDI+ | O6: =IF(微程序地址入口表!O7=1,$J6&"+","")
A7: =IF(微程序地址入口表!A8<>"",IF(微程序地址入口表!A8=1,微程序地址入口表!A$2&"&",IF(微程序地址入口表!A8=0,"~"&微程序地址入口表!A$2&"&","")),"") | B7: =IF(微程序地址入口表!B8<>"",IF(微程序地址入口表!B8=1,微程序地址入口表!B$2&"&",IF(微程序地址入口表!B8=0,"~"&微程序地址入口表!B$2&"&","")),"") | C7: =IF(微程序地址入口表!C8<>"",IF(微程序地址入口表!C8=1,微程序地址入口表!C$2&"&",IF(微程序地址入口表!C8=0,"~"&微程序地址入口表!C$2&"&","")),"") | D7: =IF(微程序地址入口表!D8<>"",IF(微程序地址入口表!D8=1,微程序地址入口表!D$2&"&",IF(微程序地址入口表!D8=0,"~"&微程序地址入口表!D$2&"&","")),"") | E7: =IF(微程序地址入口表!E8<>"",IF(微程序地址入口表!E8=1,微程序地址入口表!E$2&"&",IF(微程序地址入口表!E8=0,"~"&微程序地址入口表!E$2&"&","")),"") | F7: =IF(微程序地址入口表!F8<>"",IF(微程序地址入口表!F8=1,微程序地址入口表!F$2&"&",IF(微程序地址入口表!F8=0,"~"&微程序地址入口表!F$2&"&","")),"") | G7: =IF(微程序地址入口表!G8<>"",IF(微程序地址入口表!G8=1,微程序地址入口表!G$2&"&",IF(微程序地址入口表!G8=0,"~"&微程序地址入口表!G$2&"&","")),"") | H7: =IF(微程序地址入口表!H8<>"",IF(微程序地址入口表!H8=1,微程序地址入口表!H$2&"&",IF(微程序地址入口表!H8=0,"~"&微程序地址入口表!H$2&"&","")),"") | I7: ADD& | J7: ADD | K7: =IF(微程序地址入口表!K8=1,$J7&"+","") -> ADD+ | L7: =IF(微程序地址入口表!L8=1,$J7&"+","") -> ADD+ | M7: =IF(微程序地址入口表!M8=1,$J7&"+","") | N7: =IF(微程序地址入口表!N8=1,$J7&"+","") | O7: =IF(微程序地址入口表!O8=1,$J7&"+","") -> ADD+
A8: =IF(微程序地址入口表!A9<>"",IF(微程序地址入口表!A9=1,微程序地址入口表!A$2&"&",IF(微程序地址入口表!A9=0,"~"&微程序地址入口表!A$2&"&","")),"") | B8: =IF(微程序地址入口表!B9<>"",IF(微程序地址入口表!B9=1,微程序地址入口表!B$2&"&",IF(微程序地址入口表!B9=0,"~"&微程序地址入口表!B$2&"&","")),"") | C8: =IF(微程序地址入口表!C9<>"",IF(微程序地址入口表!C9=1,微程序地址入口表!C$2&"&",IF(微程序地址入口表!C9=0,"~"&微程序地址入口表!C$2&"&","")),"") | D8: =IF(微程序地址入口表!D9<>"",IF(微程序地址入口表!D9=1,微程序地址入口表!D$2&"&",IF(微程序地址入口表!D9=0,"~"&微程序地址入口表!D$2&"&","")),"") | E8: =IF(微程序地址入口表!E9<>"",IF(微程序地址入口表!E9=1,微程序地址入口表!E$2&"&",IF(微程序地址入口表!E9=0,"~"&微程序地址入口表!E$2&"&","")),"") | F8: =IF(微程序地址入口表!F9<>"",IF(微程序地址入口表!F9=1,微程序地址入口表!F$2&"&",IF(微程序地址入口表!F9=0,"~"&微程序地址入口表!F$2&"&","")),"") | G8: =IF(微程序地址入口表!G9<>"",IF(微程序地址入口表!G9=1,微程序地址入口表!G$2&"&",IF(微程序地址入口表!G9=0,"~"&微程序地址入口表!G$2&"&","")),"") | H8: =IF(微程序地址入口表!H9<>"",IF(微程序地址入口表!H9=1,微程序地址入口表!H$2&"&",IF(微程序地址入口表!H9=0,"~"&微程序地址入口表!H$2&"&","")),"") | J8: =IF(LEN(CONCATENATE(A8,B8,C8,D8,E8,F8,G8,H8))=0,"",LEFT(CONCATENATE(A8,B8,C8,D8,E8,F8,G8,H8),LEN(CONCATENATE(A8,B8,C8,D8,E8,F8,G8,H8))-1)) | K8: =IF(微程序地址入口表!K9=1,$J8&"+","") | L8: =IF(微程序地址入口表!L9=1,$J8&"+","") | M8: =IF(微程序地址入口表!M9=1,$J8&"+","") | N8: =IF(微程序地址入口表!N9=1,$J8&"+","") | O8: =IF(微程序地址入口表!O9=1,$J8&"+","")
A9: =IF(微程序地址入口表!A10<>"",IF(微程序地址入口表!A10=1,微程序地址入口表!A$2&"&",IF(微程序地址入口表!A10=0,"~"&微程序地址入口表!A$2&"&","")),"") | B9: =IF(微程序地址入口表!B10<>"",IF(微程序地址入口表!B10=1,微程序地址入口表!B$2&"&",IF(微程序地址入口表!B10=0,"~"&微程序地址入口表!B$2&"&","")),"") | C9: =IF(微程序地址入口表!C10<>"",IF(微程序地址入口表!C10=1,微程序地址入口表!C$2&"&",IF(微程序地址入口表!C10=0,"~"&微程序地址入口表!C$2&"&","")),"") | D9: =IF(微程序地址入口表!D10<>"",IF(微程序地址入口表!D10=1,微程序地址入口表!D$2&"&",IF(微程序地址入口表!D10=0,"~"&微程序地址入口表!D$2&"&","")),"") | E9: =IF(微程序地址入口表!E10<>"",IF(微程序地址入口表!E10=1,微程序地址入口表!E$2&"&",IF(微程序地址入口表!E10=0,"~"&微程序地址入口表!E$2&"&","")),"") | F9: =IF(微程序地址入口表!F10<>"",IF(微程序地址入口表!F10=1,微程序地址入口表!F$2&"&",IF(微程序地址入口表!F10=0,"~"&微程序地址入口表!F$2&"&","")),"") | G9: =IF(微程序地址入口表!G10<>"",IF(微程序地址入口表!G10=1,微程序地址入口表!G$2&"&",IF(微程序地址入口表!G10=0,"~"&微程序地址入口表!G$2&"&","")),"") | H9: =IF(微程序地址入口表!H10<>"",IF(微程序地址入口表!H10=1,微程序地址入口表!H$2&"&",IF(微程序地址入口表!H10=0,"~"&微程序地址入口表!H$2&"&","")),"") | J9: =IF(LEN(CONCATENATE(A9,B9,C9,D9,E9,F9,G9,H9))=0,"",LEFT(CONCATENATE(A9,B9,C9,D9,E9,F9,G9,H9),LEN(CONCATENATE(A9,B9,C9,D9,E9,F9,G9,H9))-1)) | K9: =IF(微程序地址入口表!K10=1,$J9&"+","") | L9: =IF(微程序地址入口表!L10=1,$J9&"+","") | M9: =IF(微程序地址入口表!M10=1,$J9&"+","") | N9: =IF(微程序地址入口表!N10=1,$J9&"+","") | O9: =IF(微程序地址入口表!O10=1,$J9&"+","")
A10: =IF(微程序地址入口表!A11<>"",IF(微程序地址入口表!A11=1,微程序地址入口表!A$2&"&",IF(微程序地址入口表!A11=0,"~"&微程序地址入口表!A$2&"&","")),"") | B10: =IF(微程序地址入口表!B11<>"",IF(微程序地址入口表!B11=1,微程序地址入口表!B$2&"&",IF(微程序地址入口表!B11=0,"~"&微程序地址入口表!B$2&"&","")),"") | C10: =IF(微程序地址入口表!C11<>"",IF(微程序地址入口表!C11=1,微程序地址入口表!C$2&"&",IF(微程序地址入口表!C11=0,"~"&微程序地址入口表!C$2&"&","")),"") | D10: =IF(微程序地址入口表!D11<>"",IF(微程序地址入口表!D11=1,微程序地址入口表!D$2&"&",IF(微程序地址入口表!D11=0,"~"&微程序地址入口表!D$2&"&","")),"") | E10: =IF(微程序地址入口表!E11<>"",IF(微程序地址入口表!E11=1,微程序地址入口表!E$2&"&",IF(微程序地址入口表!E11=0,"~"&微程序地址入口表!E$2&"&","")),"") | F10: =IF(微程序地址入口表!F11<>"",IF(微程序地址入口表!F11=1,微程序地址入口表!F$2&"&",IF(微程序地址入口表!F11=0,"~"&微程序地址入口表!F$2&"&","")),"") | G10: =IF(微程序地址入口表!G11<>"",IF(微程序地址入口表!G11=1,微程序地址入口表!G$2&"&",IF(微程序地址入口表!G11=0,"~"&微程序地址入口表!G$2&"&","")),"") | H10: =IF(微程序地址入口表!H11<>"",IF(微程序地址入口表!H11=1,微程序地址入口表!H$2&"&",IF(微程序地址入口表!H11=0,"~"&微程序地址入口表!H$2&"&","")),"") | J10: =IF(LEN(CONCATENATE(A10,B10,C10,D10,E10,F10,G10,H10))=0,"",LEFT(CONCATENATE(A10,B10,C10,D10,E10,F10,G10,H10),LEN(CONCATENATE(A10,B10,C10,D10,E10,F10,G10,H10))-1)) | K10: =IF(微程序地址入口表!K11=1,$J10&"+","") | L10: =IF(微程序地址入口表!L11=1,$J10&"+","") | M10: =IF(微程序地址入口表!M11=1,$J10&"+","") | N10: =IF(微程序地址入口表!N11=1,$J10&"+","") | O10: =IF(微程序地址入口表!O11=1,$J10&"+","")
A11: =IF(微程序地址入口表!A12<>"",IF(微程序地址入口表!A12=1,微程序地址入口表!A$2&"&",IF(微程序地址入口表!A12=0,"~"&微程序地址入口表!A$2&"&","")),"") | B11: =IF(微程序地址入口表!B12<>"",IF(微程序地址入口表!B12=1,微程序地址入口表!B$2&"&",IF(微程序地址入口表!B12=0,"~"&微程序地址入口表!B$2&"&","")),"") | C11: =IF(微程序地址入口表!C12<>"",IF(微程序地址入口表!C12=1,微程序地址入口表!C$2&"&",IF(微程序地址入口表!C12=0,"~"&微程序地址入口表!C$2&"&","")),"") | D11: =IF(微程序地址入口表!D12<>"",IF(微程序地址入口表!D12=1,微程序地址入口表!D$2&"&",IF(微程序地址入口表!D12=0,"~"&微程序地址入口表!D$2&"&","")),"") | E11: =IF(微程序地址入口表!E12<>"",IF(微程序地址入口表!E12=1,微程序地址入口表!E$2&"&",IF(微程序地址入口表!E12=0,"~"&微程序地址入口表!E$2&"&","")),"") | F11: =IF(微程序地址入口表!F12<>"",IF(微程序地址入口表!F12=1,微程序地址入口表!F$2&"&",IF(微程序地址入口表!F12=0,"~"&微程序地址入口表!F$2&"&","")),"") | G11: =IF(微程序地址入口表!G12<>"",IF(微程序地址入口表!G12=1,微程序地址入口表!G$2&"&",IF(微程序地址入口表!G12=0,"~"&微程序地址入口表!G$2&"&","")),"") | H11: =IF(微程序地址入口表!H12<>"",IF(微程序地址入口表!H12=1,微程序地址入口表!H$2&"&",IF(微程序地址入口表!H12=0,"~"&微程序地址入口表!H$2&"&","")),"") | J11: =IF(LEN(CONCATENATE(A11,B11,C11,D11,E11,F11,G11,H11))=0,"",LEFT(CONCATENATE(A11,B11,C11,D11,E11,F11,G11,H11),LEN(CONCATENATE(A11,B11,C11,D11,E11,F11,G11,H11))-1)) | K11: =IF(微程序地址入口表!K12=1,$J11&"+","") | L11: =IF(微程序地址入口表!L12=1,$J11&"+","") | M11: =IF(微程序地址入口表!M12=1,$J11&"+","") | N11: =IF(微程序地址入口表!N12=1,$J11&"+","") | O11: =IF(微程序地址入口表!O12=1,$J11&"+","")
A12: =IF(微程序地址入口表!A13<>"",IF(微程序地址入口表!A13=1,微程序地址入口表!A$2&"&",IF(微程序地址入口表!A13=0,"~"&微程序地址入口表!A$2&"&","")),"") | B12: =IF(微程序地址入口表!B13<>"",IF(微程序地址入口表!B13=1,微程序地址入口表!B$2&"&",IF(微程序地址入口表!B13=0,"~"&微程序地址入口表!B$2&"&","")),"") | C12: =IF(微程序地址入口表!C13<>"",IF(微程序地址入口表!C13=1,微程序地址入口表!C$2&"&",IF(微程序地址入口表!C13=0,"~"&微程序地址入口表!C$2&"&","")),"") | D12: =IF(微程序地址入口表!D13<>"",IF(微程序地址入口表!D13=1,微程序地址入口表!D$2&"&",IF(微程序地址入口表!D13=0,"~"&微程序地址入口表!D$2&"&","")),"") | E12: =IF(微程序地址入口表!E13<>"",IF(微程序地址入口表!E13=1,微程序地址入口表!E$2&"&",IF(微程序地址入口表!E13=0,"~"&微程序地址入口表!E$2&"&","")),"") | F12: =IF(微程序地址入口表!F13<>"",IF(微程序地址入口表!F13=1,微程序地址入口表!F$2&"&",IF(微程序地址入口表!F13=0,"~"&微程序地址入口表!F$2&"&","")),"") | G12: =IF(微程序地址入口表!G13<>"",IF(微程序地址入口表!G13=1,微程序地址入口表!G$2&"&",IF(微程序地址入口表!G13=0,"~"&微程序地址入口表!G$2&"&","")),"") | H12: =IF(微程序地址入口表!H13<>"",IF(微程序地址入口表!H13=1,微程序地址入口表!H$2&"&",IF(微程序地址入口表!H13=0,"~"&微程序地址入口表!H$2&"&","")),"") | J12: =IF(LEN(CONCATENATE(A12,B12,C12,D12,E12,F12,G12,H12))=0,"",LEFT(CONCATENATE(A12,B12,C12,D12,E12,F12,G12,H12),LEN(CONCATENATE(A12,B12,C12,D12,E12,F12,G12,H12))-1)) | K12: =IF(微程序地址入口表!K13=1,$J12&"+","") | L12: =IF(微程序地址入口表!L13=1,$J12&"+","") | M12: =IF(微程序地址入口表!M13=1,$J12&"+","") | N12: =IF(微程序地址入口表!N13=1,$J12&"+","") | O12: =IF(微程序地址入口表!O13=1,$J12&"+","")
A13: =IF(微程序地址入口表!A14<>"",IF(微程序地址入口表!A14=1,微程序地址入口表!A$2&"&",IF(微程序地址入口表!A14=0,"~"&微程序地址入口表!A$2&"&","")),"") | B13: =IF(微程序地址入口表!B14<>"",IF(微程序地址入口表!B14=1,微程序地址入口表!B$2&"&",IF(微程序地址入口表!B14=0,"~"&微程序地址入口表!B$2&"&","")),"") | C13: =IF(微程序地址入口表!C14<>"",IF(微程序地址入口表!C14=1,微程序地址入口表!C$2&"&",IF(微程序地址入口表!C14=0,"~"&微程序地址入口表!C$2&"&","")),"") | D13: =IF(微程序地址入口表!D14<>"",IF(微程序地址入口表!D14=1,微程序地址入口表!D$2&"&",IF(微程序地址入口表!D14=0,"~"&微程序地址入口表!D$2&"&","")),"") | E13: =IF(微程序地址入口表!E14<>"",IF(微程序地址入口表!E14=1,微程序地址入口表!E$2&"&",IF(微程序地址入口表!E14=0,"~"&微程序地址入口表!E$2&"&","")),"") | F13: =IF(微程序地址入口表!F14<>"",IF(微程序地址入口表!F14=1,微程序地址入口表!F$2&"&",IF(微程序地址入口表!F14=0,"~"&微程序地址入口表!F$2&"&","")),"") | G13: =IF(微程序地址入口表!G14<>"",IF(微程序地址入口表!G14=1,微程序地址入口表!G$2&"&",IF(微程序地址入口表!G14=0,"~"&微程序地址入口表!G$2&"&","")),"") | H13: =IF(微程序地址入口表!H14<>"",IF(微程序地址入口表!H14=1,微程序地址入口表!H$2&"&",IF(微程序地址入口表!H14=0,"~"&微程序地址入口表!H$2&"&","")),"") | J13: =IF(LEN(CONCATENATE(A13,B13,C13,D13,E13,F13,G13,H13))=0,"",LEFT(CONCATENATE(A13,B13,C13,D13,E13,F13,G13,H13),LEN(CONCATENATE(A13,B13,C13,D13,E13,F13,G13,H13))-1)) | K13: =IF(微程序地址入口表!K14=1,$J13&"+","") | L13: =IF(微程序地址入口表!L14=1,$J13&"+","") | M13: =IF(微程序地址入口表!M14=1,$J13&"+","") | N13: =IF(微程序地址入口表!N14=1,$J13&"+","") | O13: =IF(微程序地址入口表!O14=1,$J13&"+","")
A14: =IF(微程序地址入口表!A15<>"",IF(微程序地址入口表!A15=1,微程序地址入口表!A$2&"&",IF(微程序地址入口表!A15=0,"~"&微程序地址入口表!A$2&"&","")),"") | B14: =IF(微程序地址入口表!B15<>"",IF(微程序地址入口表!B15=1,微程序地址入口表!B$2&"&",IF(微程序地址入口表!B15=0,"~"&微程序地址入口表!B$2&"&","")),"") | C14: =IF(微程序地址入口表!C15<>"",IF(微程序地址入口表!C15=1,微程序地址入口表!C$2&"&",IF(微程序地址入口表!C15=0,"~"&微程序地址入口表!C$2&"&","")),"") | D14: =IF(微程序地址入口表!D15<>"",IF(微程序地址入口表!D15=1,微程序地址入口表!D$2&"&",IF(微程序地址入口表!D15=0,"~"&微程序地址入口表!D$2&"&","")),"") | E14: =IF(微程序地址入口表!E15<>"",IF(微程序地址入口表!E15=1,微程序地址入口表!E$2&"&",IF(微程序地址入口表!E15=0,"~"&微程序地址入口表!E$2&"&","")),"") | F14: =IF(微程序地址入口表!F15<>"",IF(微程序地址入口表!F15=1,微程序地址入口表!F$2&"&",IF(微程序地址入口表!F15=0,"~"&微程序地址入口表!F$2&"&","")),"") | G14: =IF(微程序地址入口表!G15<>"",IF(微程序地址入口表!G15=1,微程序地址入口表!G$2&"&",IF(微程序地址入口表!G15=0,"~"&微程序地址入口表!G$2&"&","")),"") | H14: =IF(微程序地址入口表!H15<>"",IF(微程序地址入口表!H15=1,微程序地址入口表!H$2&"&",IF(微程序地址入口表!H15=0,"~"&微程序地址入口表!H$2&"&","")),"") | J14: =IF(LEN(CONCATENATE(A14,B14,C14,D14,E14,F14,G14,H14))=0,"",LEFT(CONCATENATE(A14,B14,C14,D14,E14,F14,G14,H14),LEN(CONCATENATE(A14,B14,C14,D14,E14,F14,G14,H14))-1)) | K14: =IF(微程序地址入口表!K15=1,$J14&"+","") | L14: =IF(微程序地址入口表!L15=1,$J14&"+","") | M14: =IF(微程序地址入口表!M15=1,$J14&"+","") | N14: =IF(微程序地址入口表!N15=1,$J14&"+","") | O14: =IF(微程序地址入口表!O15=1,$J14&"+","")
A15: =IF(微程序地址入口表!A16<>"",IF(微程序地址入口表!A16=1,微程序地址入口表!A$2&"&",IF(微程序地址入口表!A16=0,"~"&微程序地址入口表!A$2&"&","")),"") | B15: =IF(微程序地址入口表!B16<>"",IF(微程序地址入口表!B16=1,微程序地址入口表!B$2&"&",IF(微程序地址入口表!B16=0,"~"&微程序地址入口表!B$2&"&","")),"") | C15: =IF(微程序地址入口表!C16<>"",IF(微程序地址入口表!C16=1,微程序地址入口表!C$2&"&",IF(微程序地址入口表!C16=0,"~"&微程序地址入口表!C$2&"&","")),"") | D15: =IF(微程序地址入口表!D16<>"",IF(微程序地址入口表!D16=1,微程序地址入口表!D$2&"&",IF(微程序地址入口表!D16=0,"~"&微程序地址入口表!D$2&"&","")),"") | E15: =IF(微程序地址入口表!E16<>"",IF(微程序地址入口表!E16=1,微程序地址入口表!E$2&"&",IF(微程序地址入口表!E16=0,"~"&微程序地址入口表!E$2&"&","")),"") | F15: =IF(微程序地址入口表!F16<>"",IF(微程序地址入口表!F16=1,微程序地址入口表!F$2&"&",IF(微程序地址入口表!F16=0,"~"&微程序地址入口表!F$2&"&","")),"") | G15: =IF(微程序地址入口表!G16<>"",IF(微程序地址入口表!G16=1,微程序地址入口表!G$2&"&",IF(微程序地址入口表!G16=0,"~"&微程序地址入口表!G$2&"&","")),"") | H15: =IF(微程序地址入口表!H16<>"",IF(微程序地址入口表!H16=1,微程序地址入口表!H$2&"&",IF(微程序地址入口表!H16=0,"~"&微程序地址入口表!H$2&"&","")),"") | J15: =IF(LEN(CONCATENATE(A15,B15,C15,D15,E15,F15,G15,H15))=0,"",LEFT(CONCATENATE(A15,B15,C15,D15,E15,F15,G15,H15),LEN(CONCATENATE(A15,B15,C15,D15,E15,F15,G15,H15))-1)) | K15: =IF(微程序地址入口表!K16=1,$J15&"+","") | L15: =IF(微程序地址入口表!L16=1,$J15&"+","") | M15: =IF(微程序地址入口表!M16=1,$J15&"+","") | N15: =IF(微程序地址入口表!N16=1,$J15&"+","") | O15: =IF(微程序地址入口表!O16=1,$J15&"+","")
A16: =IF(微程序地址入口表!A17<>"",IF(微程序地址入口表!A17=1,微程序地址入口表!A$2&"&",IF(微程序地址入口表!A17=0,"~"&微程序地址入口表!A$2&"&","")),"") | B16: =IF(微程序地址入口表!B17<>"",IF(微程序地址入口表!B17=1,微程序地址入口表!B$2&"&",IF(微程序地址入口表!B17=0,"~"&微程序地址入口表!B$2&"&","")),"") | C16: =IF(微程序地址入口表!C17<>"",IF(微程序地址入口表!C17=1,微程序地址入口表!C$2&"&",IF(微程序地址入口表!C17=0,"~"&微程序地址入口表!C$2&"&","")),"") | D16: =IF(微程序地址入口表!D17<>"",IF(微程序地址入口表!D17=1,微程序地址入口表!D$2&"&",IF(微程序地址入口表!D17=0,"~"&微程序地址入口表!D$2&"&","")),"") | E16: =IF(微程序地址入口表!E17<>"",IF(微程序地址入口表!E17=1,微程序地址入口表!E$2&"&",IF(微程序地址入口表!E17=0,"~"&微程序地址入口表!E$2&"&","")),"") | F16: =IF(微程序地址入口表!F17<>"",IF(微程序地址入口表!F17=1,微程序地址入口表!F$2&"&",IF(微程序地址入口表!F17=0,"~"&微程序地址入口表!F$2&"&","")),"") | G16: =IF(微程序地址入口表!G17<>"",IF(微程序地址入口表!G17=1,微程序地址入口表!G$2&"&",IF(微程序地址入口表!G17=0,"~"&微程序地址入口表!G$2&"&","")),"") | H16: =IF(微程序地址入口表!H17<>"",IF(微程序地址入口表!H17=1,微程序地址入口表!H$2&"&",IF(微程序地址入口表!H17=0,"~"&微程序地址入口表!H$2&"&","")),"") | J16: =IF(LEN(CONCATENATE(A16,B16,C16,D16,E16,F16,G16,H16))=0,"",LEFT(CONCATENATE(A16,B16,C16,D16,E16,F16,G16,H16),LEN(CONCATENATE(A16,B16,C16,D16,E16,F16,G16,H16))-1)) | K16: =IF(微程序地址入口表!K17=1,$J16&"+","") | L16: =IF(微程序地址入口表!L17=1,$J16&"+","") | M16: =IF(微程序地址入口表!M17=1,$J16&"+","") | N16: =IF(微程序地址入口表!N17=1,$J16&"+","") | O16: =IF(微程序地址入口表!O17=1,$J16&"+","")
A17: =IF(微程序地址入口表!A18<>"",IF(微程序地址入口表!A18=1,微程序地址入口表!A$2&"&",IF(微程序地址入口表!A18=0,"~"&微程序地址入口表!A$2&"&","")),"") | B17: =IF(微程序地址入口表!B18<>"",IF(微程序地址入口表!B18=1,微程序地址入口表!B$2&"&",IF(微程序地址入口表!B18=0,"~"&微程序地址入口表!B$2&"&","")),"") | C17: =IF(微程序地址入口表!C18<>"",IF(微程序地址入口表!C18=1,微程序地址入口表!C$2&"&",IF(微程序地址入口表!C18=0,"~"&微程序地址入口表!C$2&"&","")),"") | D17: =IF(微程序地址入口表!D18<>"",IF(微程序地址入口表!D18=1,微程序地址入口表!D$2&"&",IF(微程序地址入口表!D18=0,"~"&微程序地址入口表!D$2&"&","")),"") | E17: =IF(微程序地址入口表!E18<>"",IF(微程序地址入口表!E18=1,微程序地址入口表!E$2&"&",IF(微程序地址入口表!E18=0,"~"&微程序地址入口表!E$2&"&","")),"") | F17: =IF(微程序地址入口表!F18<>"",IF(微程序地址入口表!F18=1,微程序地址入口表!F$2&"&",IF(微程序地址入口表!F18=0,"~"&微程序地址入口表!F$2&"&","")),"") | G17: =IF(微程序地址入口表!G18<>"",IF(微程序地址入口表!G18=1,微程序地址入口表!G$2&"&",IF(微程序地址入口表!G18=0,"~"&微程序地址入口表!G$2&"&","")),"") | H17: =IF(微程序地址入口表!H18<>"",IF(微程序地址入口表!H18=1,微程序地址入口表!H$2&"&",IF(微程序地址入口表!H18=0,"~"&微程序地址入口表!H$2&"&","")),"") | J17: =IF(LEN(CONCATENATE(A17,B17,C17,D17,E17,F17,G17,H17))=0,"",LEFT(CONCATENATE(A17,B17,C17,D17,E17,F17,G17,H17),LEN(CONCATENATE(A17,B17,C17,D17,E17,F17,G17,H17))-1)) | K17: =IF(微程序地址入口表!K18=1,$J17&"+","") | L17: =IF(微程序地址入口表!L18=1,$J17&"+","") | M17: =IF(微程序地址入口表!M18=1,$J17&"+","") | N17: =IF(微程序地址入口表!N18=1,$J17&"+","") | O17: =IF(微程序地址入口表!O18=1,$J17&"+","")
A18: =IF(微程序地址入口表!A19<>"",IF(微程序地址入口表!A19=1,微程序地址入口表!A$2&"&",IF(微程序地址入口表!A19=0,"~"&微程序地址入口表!A$2&"&","")),"") | B18: =IF(微程序地址入口表!B19<>"",IF(微程序地址入口表!B19=1,微程序地址入口表!B$2&"&",IF(微程序地址入口表!B19=0,"~"&微程序地址入口表!B$2&"&","")),"") | C18: =IF(微程序地址入口表!C19<>"",IF(微程序地址入口表!C19=1,微程序地址入口表!C$2&"&",IF(微程序地址入口表!C19=0,"~"&微程序地址入口表!C$2&"&","")),"") | D18: =IF(微程序地址入口表!D19<>"",IF(微程序地址入口表!D19=1,微程序地址入口表!D$2&"&",IF(微程序地址入口表!D19=0,"~"&微程序地址入口表!D$2&"&","")),"") | E18: =IF(微程序地址入口表!E19<>"",IF(微程序地址入口表!E19=1,微程序地址入口表!E$2&"&",IF(微程序地址入口表!E19=0,"~"&微程序地址入口表!E$2&"&","")),"") | F18: =IF(微程序地址入口表!F19<>"",IF(微程序地址入口表!F19=1,微程序地址入口表!F$2&"&",IF(微程序地址入口表!F19=0,"~"&微程序地址入口表!F$2&"&","")),"") | G18: =IF(微程序地址入口表!G19<>"",IF(微程序地址入口表!G19=1,微程序地址入口表!G$2&"&",IF(微程序地址入口表!G19=0,"~"&微程序地址入口表!G$2&"&","")),"") | H18: =IF(微程序地址入口表!H19<>"",IF(微程序地址入口表!H19=1,微程序地址入口表!H$2&"&",IF(微程序地址入口表!H19=0,"~"&微程序地址入口表!H$2&"&","")),"") | J18: =IF(LEN(CONCATENATE(A18,B18,C18,D18,E18,F18,G18,H18))=0,"",LEFT(CONCATENATE(A18,B18,C18,D18,E18,F18,G18,H18),LEN(CONCATENATE(A18,B18,C18,D18,E18,F18,G18,H18))-1)) | K18: =IF(微程序地址入口表!K19=1,$J18&"+","") | L18: =IF(微程序地址入口表!L19=1,$J18&"+","") | M18: =IF(微程序地址入口表!M19=1,$J18&"+","") | N18: =IF(微程序地址入口表!N19=1,$J18&"+","") | O18: =IF(微程序地址入口表!O19=1,$J18&"+","")
A19: =IF(微程序地址入口表!A20<>"",IF(微程序地址入口表!A20=1,微程序地址入口表!A$2&"&",IF(微程序地址入口表!A20=0,"~"&微程序地址入口表!A$2&"&","")),"") | B19: =IF(微程序地址入口表!B20<>"",IF(微程序地址入口表!B20=1,微程序地址入口表!B$2&"&",IF(微程序地址入口表!B20=0,"~"&微程序地址入口表!B$2&"&","")),"") | C19: =IF(微程序地址入口表!C20<>"",IF(微程序地址入口表!C20=1,微程序地址入口表!C$2&"&",IF(微程序地址入口表!C20=0,"~"&微程序地址入口表!C$2&"&","")),"") | D19: =IF(微程序地址入口表!D20<>"",IF(微程序地址入口表!D20=1,微程序地址入口表!D$2&"&",IF(微程序地址入口表!D20=0,"~"&微程序地址入口表!D$2&"&","")),"") | E19: =IF(微程序地址入口表!E20<>"",IF(微程序地址入口表!E20=1,微程序地址入口表!E$2&"&",IF(微程序地址入口表!E20=0,"~"&微程序地址入口表!E$2&"&","")),"") | F19: =IF(微程序地址入口表!F20<>"",IF(微程序地址入口表!F20=1,微程序地址入口表!F$2&"&",IF(微程序地址入口表!F20=0,"~"&微程序地址入口表!F$2&"&","")),"") | G19: =IF(微程序地址入口表!G20<>"",IF(微程序地址入口表!G20=1,微程序地址入口表!G$2&"&",IF(微程序地址入口表!G20=0,"~"&微程序地址入口表!G$2&"&","")),"") | H19: =IF(微程序地址入口表!H20<>"",IF(微程序地址入口表!H20=1,微程序地址入口表!H$2&"&",IF(微程序地址入口表!H20=0,"~"&微程序地址入口表!H$2&"&","")),"") | J19: =IF(LEN(CONCATENATE(A19,B19,C19,D19,E19,F19,G19,H19))=0,"",LEFT(CONCATENATE(A19,B19,C19,D19,E19,F19,G19,H19),LEN(CONCATENATE(A19,B19,C19,D19,E19,F19,G19,H19))-1)) | K19: =IF(微程序地址入口表!K20=1,$J19&"+","") | L19: =IF(微程序地址入口表!L20=1,$J19&"+","") | M19: =IF(微程序地址入口表!M20=1,$J19&"+","") | N19: =IF(微程序地址入口表!N20=1,$J19&"+","") | O19: =IF(微程序地址入口表!O20=1,$J19&"+","")
... A30: =IF(微程序地址入口表!A31<>"",IF(微程序地址入口表!A31=1,微程序地址入口表!A$2&"&",IF(微程序地址入口表!A31=0,"~"&微程序地址入口表!A$2&"&","")),"") | B30: =IF(微程序地址入口表!B31<>"",IF(微程序地址入口表!B31=1,微程序地址入口表!B$2&"&",IF(微程序地址入口表!B31=0,"~"&微程序地址入口表!B$2&"&","")),"") | C30: =IF(微程序地址入口表!C31<>"",IF(微程序地址入口表!C31=1,微程序地址入口表!C$2&"&",IF(微程序地址入口表!C31=0,"~"&微程序地址入口表!C$2&"&","")),"") | D30: =IF(微程序地址入口表!D31<>"",IF(微程序地址入口表!D31=1,微程序地址入口表!D$2&"&",IF(微程序地址入口表!D31=0,"~"&微程序地址入口表!D$2&"&","")),"") | E30: =IF(微程序地址入口表!E31<>"",IF(微程序地址入口表!E31=1,微程序地址入口表!E$2&"&",IF(微程序地址入口表!E31=0,"~"&微程序地址入口表!E$2&"&","")),"") | F30: =IF(微程序地址入口表!F31<>"",IF(微程序地址入口表!F31=1,微程序地址入口表!F$2&"&",IF(微程序地址入口表!F31=0,"~"&微程序地址入口表!F$2&"&","")),"") | G30: =IF(微程序地址入口表!G31<>"",IF(微程序地址入口表!G31=1,微程序地址入口表!G$2&"&",IF(微程序地址入口表!G31=0,"~"&微程序地址入口表!G$2&"&","")),"") | H30: =IF(微程序地址入口表!H31<>"",IF(微程序地址入口表!H31=1,微程序地址入口表!H$2&"&",IF(微程序地址入口表!H31=0,"~"&微程序地址入口表!H$2&"&","")),"") | J30: =IF(LEN(CONCATENATE(A30,B30,C30,D30,E30,F30,G30,H30))=0,"",LEFT(CONCATENATE(A30,B30,C30,D30,E30,F30,G30,H30),LEN(CONCATENATE(A30,B30,C30,D30,E30,F30,G30,H30))-1)) | K30: =IF(微程序地址入口表!K31=1,$J30&"+","") | L30: =IF(微程序地址入口表!L31=1,$J30&"+","") | M30: =IF(微程序地址入口表!M31=1,$J30&"+","") | N30: =IF(微程序地址入口表!N31=1,$J30&"+","") | O30: =IF(微程序地址入口表!O31=1,$J30&"+","")
K31: =IF(LEN(K32)>1,LEFT(K32,LEN(K32)-1),"") -> SLT+ADDI+ADD | L31: =IF(LEN(L32)>1,LEFT(L32,LEN(L32)-1),"") -> SW+BEQ+ADD | M31: =IF(LEN(M32)>1,LEFT(M32,LEN(M32)-1),"") -> LW+BEQ+ADDI | N31: =IF(LEN(N32)>1,LEFT(N32,LEN(N32)-1),"") -> BEQ+SLT+ADDI | O31: =IF(LEN(O32)>1,LEFT(O32,LEN(O32)-1),"") -> SW+SLT+ADD
K32: =CONCATENATE(K2,K3,K4,K5,K6,K7,K8,K9,K10,K11,K12,K13,K14,K15,K16,K17,K18,K19,K20,K21,K22,K23,K24,K25,K26,K27,K28,K29,K30) -> SLT+ADDI+ADD+ | L32: =CONCATENATE(L2,L3,L4,L5,L6,L7,L8,L9,L10,L11,L12,L13,L14,L15,L16,L17,L18,L19,L20,L21,L22,L23,L24,L25,L26,L27,L28,L29,L30) -> SW+BEQ+ADD+ | M32: =CONCATENATE(M2,M3,M4,M5,M6,M7,M8,M9,M10,M11,M12,M13,M14,M15,M16,M17,M18,M19,M20,M21,M22,M23,M24,M25,M26,M27,M28,M29,M30) -> LW+BEQ+ADDI+ | N32: =CONCATENATE(N2,N3,N4,N5,N6,N7,N8,N9,N10,N11,N12,N13,N14,N15,N16,N17,N18,N19,N20,N21,N22,N23,N24,N25,N26,N27,N28,N29,N30) -> BEQ+SLT+ADDI+ | O32: =CONCATENATE(O2,O3,O4,O5,O6,O7,O8,O9,O10,O11,O12,O13,O14,O15,O16,O17,O18,O19,O20,O21,O22,O23,O24,O25,O26,O27,O28,O29,O30) -> SW+SLT+ADD+
